{
    "language": "french",
    "sdrpop_bl2": "Bellevue, Washington|Valve|Bellevue 2 - relais uniquement",
    "sdrpop_blv": "Bellevue, Washington|Valve|Bellevue 1 - relais et serveurs de jeu",
    "sdrpop_blv1": "Bellevue, Washington|Valve|Bellevue 1 - relais et serveurs de jeu",
    "sdrpop_blv2": "Bellevue, Washington|Valve|Bellevue 2 - relais uniquement",
    "sdrpop_chi": "Chine factice|Perfect World|",
    "sdrpop_dumy": "Nulle part|Valve|",
    "sdrpop_aae1": "Hong Kong|Amazon|ap-east-1",
    "sdrpop_aan1": "Tokyo, Japon|Amazon|ap-northeast-1",
    "sdrpop_aan2": "Séoul, Corée du Sud|Amazon|ap-northeast-2",
    "sdrpop_aas1": "Sydney, Australie|Amazon|ap-southeast-2",
    "sdrpop_aec1": "Francfort-sur-le-Main, Allemagne|Amazon|eu-central-1",
    "sdrpop_aew2": "Londres, Angleterre|Amazon|eu-west-2",
    "sdrpop_ame1": "Bahreïn|Amazon|me-south-1",
    "sdrpop_ams": "Amsterdam, Pays-Bas|Valve|",
    "sdrpop_ase1": "São Paulo, Brésil|Amazon|sa-east-1",
    "sdrpop_atl": "Atlanta, Géorgie|Valve|",
    "sdrpop_aue1": "Virginie, USA|Amazon|us-east-1",
    "sdrpop_aue2": "Ohio, USA|Amazon|us-east-2",
    "sdrpop_auw2": "Oregon, USA|Amazon|us-west-2",
    "sdrpop_bom": "Mumbai, Inde|Valve|",
    "sdrpop_can": "Guangdong, Chine|Perfect World|Guangdong 2",
    "sdrpop_canm": "Guangdong, Chine|Perfect World|Guangdong 2 - Mobile",
    "sdrpop_cant": "Guangdong, Chine|Perfect World|Guangdong 2 - Telecom",
    "sdrpop_canu": "Guangdong, Chine|Perfect World|Guangdong 2 - Unicom",
    "sdrpop_dfw": "Dallas, Texas|Valve|",
    "sdrpop_dxb": "Dubaï, Émirats arabes unis|Valve|",
    "sdrpop_eat": "Moses Lake, Washington|Valve|",
    "sdrpop_eze": "Buenos Aires, Argentine|Valve|",
    "sdrpop_fra": "Francfort-sur-le-Main, Allemagne|Valve|",
    "sdrpop_gash": "Ashburn, Virginie|Google|us-east4",
    "sdrpop_gcmh": "Columbus, Ohio|Google|us-east5",
    "sdrpop_gdel": "Delhi, Inde|Google|asia-south2",
    "sdrpop_gdfw": "Dallas, Texas|Google|us-south1",
    "sdrpop_geem": "Eemshaven, Pays-Bas|Google|europe-west4",
    "sdrpop_gew1": "Saint-Ghislain, Belgique|Google|europe-west1",
    "sdrpop_gfra": "Francfort-sur-le-Main, Allemagne|Google|europe-west3",
    "sdrpop_ggru": "São Paulo, Brésil|Google|southamerica-east1",
    "sdrpop_gham": "Hamina, Finlande|Google|europe-north1",
    "sdrpop_ghkg": "Hong Kong|Google|asia-east2",
    "sdrpop_gjak": "Jakarta, Indonésie|Google|asia-southeast2",
    "sdrpop_glas": "Las Vegas, Nevada|Google|us-west4",
    "sdrpop_glax": "Los Angeles, Californie|Google|us-west2",
    "sdrpop_glhr": "Londres, Royaume-Uni|Google|europe-west2",
    "sdrpop_gmad": "Madrid, Espagne|Google|europe-southwest1",
    "sdrpop_gmel": "Melbourne, Australie|Google|australia-southeast2",
    "sdrpop_gmks": "Moncks Corner, Caroline du Sud|Google|us-east1",
    "sdrpop_gmum": "Mumbai, Inde|Google|asia-south1",
    "sdrpop_gmxp": "Milan, Italie|Google|europe-west8",
    "sdrpop_gosa": "Osaka, Japon|Google|asia-northeast2",
    "sdrpop_gpar": "Paris, France|Google|europe-west9",
    "sdrpop_gru": "São Paulo, Brésil|Valve|",
    "sdrpop_gscl": "Santiago, Chili|Google|southamerica-west1",
    "sdrpop_gseo": "Séoul, Corée du Sud|Google|asia-northeast3",
    "sdrpop_gsgp": "Singapour|Google|asia-southeast1",
    "sdrpop_gslc": "Salt Lake City, Utah|Google|us-west3",
    "sdrpop_gsyd": "Sydney, Australie|Google|australia-southeast1",
    "sdrpop_gtko": "Tokyo, Japon|Google|asia-northeast1",
    "sdrpop_gtpe": "Taïwan|Google|asia-east1",
    "sdrpop_guc1": "Council Bluffs, Iowa|Google|us-central1",
    "sdrpop_guw1": "The Dalles, Oregon|Google|us-west1",
    "sdrpop_gwaw": "Varsovie, Pologne|Google|europe-central2",
    "sdrpop_gyul": "Montréal, Canada|Google|northamerica-northeast1",
    "sdrpop_gyyz": "Toronto, Canada|Google|northamerica-northeast2",
    "sdrpop_gzur": "Zurich, Suisse|Google|europe-west6",
    "sdrpop_hkg": "Hong Kong|Valve|",
    "sdrpop_iad": "Sterling, Virginie|Valve|",
    "sdrpop_jnb": "Johannesburg, Afrique du Sud|Valve|",
    "sdrpop_lax": "Los Angeles, Californie|Valve|",
    "sdrpop_lhr": "Londres, Royaume-Uni|Valve|",
    "sdrpop_lim": "Lima, Pérou|Valve|",
    "sdrpop_maa": "Chennai, Inde|Valve|",
    "sdrpop_mad": "Madrid, Espagne|Valve|",
    "sdrpop_mam1": "Amsterdam, Pays-Bas|Multiplay|",
    "sdrpop_mas1": "Ashburn, Virginie|Multiplay|",
    "sdrpop_mat1": "Atlanta, Géorgie|Multiplay|",
    "sdrpop_mch1": "Chicago, Illinois|Multiplay|",
    "sdrpop_mdb1": "Dubaï, Émirats arabes unis|Multiplay|",
    "sdrpop_mdc1": "Washington, D.C.|Multiplay|",
    "sdrpop_mdf1": "Dallas, Texas|Multiplay|",
    "sdrpop_mfr1": "Francfort-sur-le-Main, Allemagne|Multiplay|",
    "sdrpop_mhk1": "Hong Kong|Multiplay|",
    "sdrpop_mla1": "Los Angeles, Californie|Multiplay|",
    "sdrpop_mln1": "Londres, Royaume-Uni|Multiplay|",
    "sdrpop_mlx1": "Ville de Luxembourg|Multiplay|",
    "sdrpop_mmi1": "Miami, Floride|Multiplay|",
    "sdrpop_mmo1": "Montréal, Canada|Multiplay|",
    "sdrpop_mny1": "New York|Multiplay|",
    "sdrpop_mpx1": "Phoenix, Arizona|Multiplay|",
    "sdrpop_msa1": "Salt Lake City, Utah|Multiplay|",
    "sdrpop_msg1": "Singapour|Multiplay|",
    "sdrpop_msj1": "San Jose, Californie|Multiplay|",
    "sdrpop_msl1": "Saint-Louis, Missouri|Multiplay|",
    "sdrpop_msp1": "São Paulo, Brésil|Multiplay|",
    "sdrpop_mst1": "Strasbourg, France|Multiplay|",
    "sdrpop_msy1": "Sydney, Australie|Multiplay|",
    "sdrpop_mto1": "Toronto, Canada|Multiplay|",
    "sdrpop_mtp1": "Taïwan|Multiplay|",
    "sdrpop_mty1": "Tokyo, Japon|Multiplay|",
    "sdrpop_mwh": "Moses Lake, Washington|Valve|",
    "sdrpop_ogr1": "Gravelines, France|OVHcloud|",
    "sdrpop_ohi1": "Hillsboro, Oregon|OVHcloud|",
    "sdrpop_oln1": "Londres, Royaume-Uni|OVHcloud|",
    "sdrpop_omo1": "Montréal, Canada|OVHcloud|",
    "sdrpop_ord": "Chicago, Illinois|Valve|",
    "sdrpop_osd1": "Sydney, Australie|OVHcloud|",
    "sdrpop_osg1": "Singapour|OVHcloud|",
    "sdrpop_owa1": "Varsovie, Pologne|OVHcloud|",
    "sdrpop_par": "Paris, France|Valve|",
    "sdrpop_pwg": "Guangdong, Chine|Perfect World|Guangdong 1",
    "sdrpop_pwj": "Tianjin, Chine|Perfect World|",
    "sdrpop_pwt": "Shanghai, Chine|Perfect World|(sha-4) - dorsale",
    "sdrpop_pwu": "Hebei, Chine|Perfect World|",
    "sdrpop_pww": "Wuhan, Chine|Perfect World|",
    "sdrpop_pwz": "Zhejiang, Chine|Perfect World|",
    "sdrpop_scl": "Santiago, Chili|Valve|",
    "sdrpop_sea": "Seattle, Washington|Valve|",
    "sdrpop_seo": "Séoul, Corée du Sud|Valve|",
    "sdrpop_sgp": "Singapour|Valve|",
    "sdrpop_sha": "Shanghai, Chine|Perfect World|",
    "sdrpop_sham": "Shanghai, Chine|Perfect World|Shanghai - China Mobile",
    "sdrpop_shat": "Shanghai, Chine|Perfect World|Shanghai - Telecom",
    "sdrpop_shau": "Shanghai, Chine|Perfect World|Shanghai - Unicom",
    "sdrpop_shb": "Shanghai, Chine|Perfect World|(sha-4) - dorsale",
    "sdrpop_sto": "Stockholm, Suède|Valve|Stockholm - Kista",
    "sdrpop_sto2": "Stockholm, Suède|Valve|Stockholm - Bromma",
    "sdrpop_syd": "Sydney, Australie|Valve|",
    "sdrpop_tsn": "Tianjin, Chine|Perfect World|",
    "sdrpop_tsnm": "Tianjin, Chine|Perfect World|Tianjin - China Mobile",
    "sdrpop_tsnt": "Tianjin, Chine|Perfect World|Tianjin - Telecom",
    "sdrpop_tsnu": "Tianjin, Chine|Perfect World|Tianjin - Unicom",
    "sdrpop_tyo": "Tokyo, Japon|Valve|nord de Tokyo",
    "sdrpop_tyo1": "Tokyo, Japon|Valve|sud de Tokyo",
    "sdrpop_tyo2": "Tokyo, Japon|Valve|nord de Tokyo",
    "sdrpop_vie": "Vienne, Autriche|Valve|",
    "sdrpop_waw": "Varsovie, Pologne|Valve|",
    "sdrpop_wuh": "Wuhan, Chine|Perfect World|",
    "shared_dummy": "dont translate"
}
